month,region,category,orders,revenue_uah
2025-01,Київ,Смартфони,361,5339190
2025-01,Харків,Смартфони,198,2928420
2025-01,Львів,Смартфони,216,3194640
2025-01,Одеса,Смартфони,180,2662200
2025-01,Дніпро,Смартфони,162,2395980
2025-01,Київ,Ноутбуки,155,5158400
2025-01,Харків,Ноутбуки,85,2828800
2025-01,Львів,Ноутбуки,93,3095040
2025-01,Одеса,Ноутбуки,77,2562560
2025-01,Дніпро,Ноутбуки,70,2329600
2025-01,Київ,Телевізори,94,1895040
2025-01,Харків,Телевізори,52,1048320
2025-01,Львів,Телевізори,57,1149120
2025-01,Одеса,Телевізори,47,947520
2025-01,Дніпро,Телевізори,42,846720
2025-01,Київ,Побутова техніка,206,2523500
2025-01,Харків,Побутова техніка,113,1384250
2025-01,Львів,Побутова техніка,124,1519000
2025-01,Одеса,Побутова техніка,103,1261750
2025-01,Дніпро,Побутова техніка,93,1139250
2025-01,Київ,Аксесуари,773,502450
2025-01,Харків,Аксесуари,425,276250
2025-01,Львів,Аксесуари,464,301600
2025-01,Одеса,Аксесуари,386,250900
2025-01,Дніпро,Аксесуари,348,226200
2025-02,Київ,Смартфони,343,4874030
2025-02,Харків,Смартфони,188,2671480
2025-02,Львів,Смартфони,206,2927260
2025-02,Одеса,Смартфони,171,2429910
2025-02,Дніпро,Смартфони,154,2188340
2025-02,Київ,Ноутбуки,147,4704000
2025-02,Харків,Ноутбуки,81,2592000
2025-02,Львів,Ноутбуки,88,2816000
2025-02,Одеса,Ноутбуки,73,2336000
2025-02,Дніпро,Ноутбуки,66,2112000
2025-02,Київ,Телевізори,90,1927800
2025-02,Харків,Телевізори,49,1049580
2025-02,Львів,Телевізори,54,1156680
2025-02,Одеса,Телевізори,45,963900
2025-02,Дніпро,Телевізори,40,856800
2025-02,Київ,Побутова техніка,196,2548000
2025-02,Харків,Побутова техніка,108,1404000
2025-02,Львів,Побутова техніка,118,1534000
2025-02,Одеса,Побутова техніка,98,1274000
2025-02,Дніпро,Побутова техніка,88,1144000
2025-02,Київ,Аксесуари,734,458016
2025-02,Харків,Аксесуари,404,252096
2025-02,Львів,Аксесуари,441,275184
2025-02,Одеса,Аксесуари,367,229008
2025-02,Дніпро,Аксесуари,330,205920
2025-03,Київ,Смартфони,389,5866120
2025-03,Харків,Смартфони,214,3227120
2025-03,Львів,Смартфони,234,3528720
2025-03,Одеса,Смартфони,195,2940600
2025-03,Дніпро,Смартфони,175,2639000
2025-03,Київ,Ноутбуки,167,5130240
2025-03,Харків,Ноутбуки,92,2826240
2025-03,Львів,Ноутбуки,100,3072000
2025-03,Одеса,Ноутбуки,83,2549760
2025-03,Дніпро,Ноутбуки,75,2304000
2025-03,Київ,Телевізори,102,2099160
2025-03,Харків,Телевізори,56,1152480
2025-03,Львів,Телевізори,61,1255380
2025-03,Одеса,Телевізори,51,1049580
2025-03,Дніпро,Телевізори,46,946680
2025-03,Київ,Побутова техніка,222,2775000
2025-03,Харків,Побутова техніка,122,1525000
2025-03,Львів,Побутова техніка,133,1662500
2025-03,Одеса,Побутова техніка,111,1387500
2025-03,Дніпро,Побутова техніка,100,1250000
2025-03,Київ,Аксесуари,834,552942
2025-03,Харків,Аксесуари,459,304317
2025-03,Львів,Аксесуари,501,332163
2025-03,Одеса,Аксесуари,417,276471
2025-03,Дніпро,Аксесуари,375,248625
2025-04,Київ,Смартфони,402,5829000
2025-04,Харків,Смартфони,221,3204500
2025-04,Львів,Смартфони,241,3494500
2025-04,Одеса,Смартфони,201,2914500
2025-04,Дніпро,Смартфони,181,2624500
2025-04,Київ,Ноутбуки,172,5614080
2025-04,Харків,Ноутбуки,95,3100800
2025-04,Львів,Ноутбуки,103,3361920
2025-04,Одеса,Ноутбуки,86,2807040
2025-04,Дніпро,Ноутбуки,78,2545920
2025-04,Київ,Телевізори,105,2293200
2025-04,Харків,Телевізори,58,1266720
2025-04,Львів,Телевізори,63,1375920
2025-04,Одеса,Телевізори,53,1157520
2025-04,Дніпро,Телевізори,47,1026480
2025-04,Київ,Побутова техніка,230,2760000
2025-04,Харків,Побутова техніка,126,1512000
2025-04,Львів,Побутова техніка,138,1656000
2025-04,Одеса,Побутова техніка,115,1380000
2025-04,Дніпро,Побутова техніка,103,1236000
2025-04,Київ,Аксесуари,861,548457
2025-04,Харків,Аксесуари,474,301938
2025-04,Львів,Аксесуари,517,329329
2025-04,Одеса,Аксесуари,431,274547
2025-04,Дніпро,Аксесуари,388,247156
2025-05,Київ,Смартфони,419,5832480
2025-05,Харків,Смартфони,230,3201600
2025-05,Львів,Смартфони,251,3493920
2025-05,Одеса,Смартфони,209,2909280
2025-05,Дніпро,Смартфони,189,2630880
2025-05,Київ,Ноутбуки,180,5644800
2025-05,Харків,Ноутбуки,99,3104640
2025-05,Львів,Ноутбуки,108,3386880
2025-05,Одеса,Ноутбуки,90,2822400
2025-05,Дніпро,Ноутбуки,81,2540160
2025-05,Київ,Телевізори,110,2310000
2025-05,Харків,Телевізори,60,1260000
2025-05,Львів,Телевізори,66,1386000
2025-05,Одеса,Телевізори,55,1155000
2025-05,Дніпро,Телевізори,49,1029000
2025-05,Київ,Побутова техніка,239,3047250
2025-05,Харків,Побутова техніка,132,1683000
2025-05,Львів,Побутова техніка,144,1836000
2025-05,Одеса,Побутова техніка,120,1530000
2025-05,Дніпро,Побутова техніка,108,1377000
2025-05,Київ,Аксесуари,898,607048
2025-05,Харків,Аксесуари,494,333944
2025-05,Львів,Аксесуари,539,364364
2025-05,Одеса,Аксесуари,449,303524
2025-05,Дніпро,Аксесуари,404,273104
2025-06,Київ,Смартфони,414,6123060
2025-06,Харків,Смартфони,228,3372120
2025-06,Львів,Смартфони,248,3667920
2025-06,Одеса,Смартфони,207,3061530
2025-06,Дніпро,Смартфони,186,2750940
2025-06,Київ,Ноутбуки,177,5890560
2025-06,Харків,Ноутбуки,98,3261440
2025-06,Львів,Ноутбуки,106,3527680
2025-06,Одеса,Ноутбуки,89,2961920
2025-06,Дніпро,Ноутбуки,80,2662400
2025-06,Київ,Телевізори,108,2177280
2025-06,Харків,Телевізори,60,1209600
2025-06,Львів,Телевізори,65,1310400
2025-06,Одеса,Телевізори,54,1088640
2025-06,Дніпро,Телевізори,49,987840
2025-06,Київ,Побутова техніка,237,2903250
2025-06,Харків,Побутова техніка,130,1592500
2025-06,Львів,Побутова техніка,142,1739500
2025-06,Одеса,Побутова техніка,118,1445500
2025-06,Дніпро,Побутова техніка,106,1298500
2025-06,Київ,Аксесуари,887,576550
2025-06,Харків,Аксесуари,488,317200
2025-06,Львів,Аксесуари,532,345800
2025-06,Одеса,Аксесуари,444,288600
2025-06,Дніпро,Аксесуари,399,259350
2025-07,Київ,Смартфони,404,5740840
2025-07,Харків,Смартфони,222,3154620
2025-07,Львів,Смартфони,243,3453030
2025-07,Одеса,Смартфони,202,2870420
2025-07,Дніпро,Смартфони,182,2586220
2025-07,Київ,Ноутбуки,173,5536000
2025-07,Харків,Ноутбуки,33,1056000
2025-07,Львів,Ноутбуки,104,3328000
2025-07,Одеса,Ноутбуки,87,2784000
2025-07,Дніпро,Ноутбуки,78,2496000
2025-07,Київ,Телевізори,106,2270520
2025-07,Харків,Телевізори,58,1242360
2025-07,Львів,Телевізори,64,1370880
2025-07,Одеса,Телевізори,53,1135260
2025-07,Дніпро,Телевізори,48,1028160
2025-07,Київ,Побутова техніка,231,3003000
2025-07,Харків,Побутова техніка,127,1651000
2025-07,Львів,Побутова техніка,139,1807000
2025-07,Одеса,Побутова техніка,116,1508000
2025-07,Дніпро,Побутова техніка,104,1352000
2025-07,Київ,Аксесуари,867,541008
2025-07,Харків,Аксесуари,477,297648
2025-07,Львів,Аксесуари,520,324480
2025-07,Одеса,Аксесуари,433,270192
2025-07,Дніпро,Аксесуари,390,243360
2025-08,Київ,Смартфони,440,6635200
2025-08,Харків,Смартфони,242,3649360
2025-08,Львів,Смартфони,264,3981120
2025-08,Одеса,Смартфони,220,3317600
2025-08,Дніпро,Смартфони,198,2985840
2025-08,Київ,Ноутбуки,189,5806080
2025-08,Харків,Ноутбуки,104,3194880
2025-08,Львів,Ноутбуки,113,3471360
2025-08,Одеса,Ноутбуки,94,2887680
2025-08,Дніпро,Ноутбуки,85,2611200
2025-08,Київ,Телевізори,115,2366700
2025-08,Харків,Телевізори,63,1296540
2025-08,Львів,Телевізори,69,1420020
2025-08,Одеса,Телевізори,58,1193640
2025-08,Дніпро,Телевізори,52,1070160
2025-08,Київ,Побутова техніка,251,3137500
2025-08,Харків,Побутова техніка,138,1725000
2025-08,Львів,Побутова техніка,151,1887500
2025-08,Одеса,Побутова техніка,126,1575000
2025-08,Дніпро,Побутова техніка,113,1412500
2025-08,Київ,Аксесуари,943,625209
2025-08,Харків,Аксесуари,519,344097
2025-08,Львів,Аксесуари,566,375258
2025-08,Одеса,Аксесуари,471,312273
2025-08,Дніпро,Аксесуари,424,281112
2025-09,Київ,Смартфони,481,6974500
2025-09,Харків,Смартфони,264,3828000
2025-09,Львів,Смартфони,288,4176000
2025-09,Одеса,Смартфони,240,3480000
2025-09,Дніпро,Смартфони,216,3132000
2025-09,Київ,Ноутбуки,206,6723840
2025-09,Харків,Ноутбуки,113,3688320
2025-09,Львів,Ноутбуки,124,4047360
2025-09,Одеса,Ноутбуки,103,3361920
2025-09,Дніпро,Ноутбуки,93,3035520
2025-09,Київ,Телевізори,126,2751840
2025-09,Харків,Телевізори,69,1506960
2025-09,Львів,Телевізори,76,1659840
2025-09,Одеса,Телевізори,63,1375920
2025-09,Дніпро,Телевізори,57,1244880
2025-09,Київ,Побутова техніка,275,3300000
2025-09,Харків,Побутова техніка,151,1812000
2025-09,Львів,Побутова техніка,165,1980000
2025-09,Одеса,Побутова техніка,137,1644000
2025-09,Дніпро,Побутова техніка,124,1488000
2025-09,Київ,Аксесуари,1030,656110
2025-09,Харків,Аксесуари,567,361179
2025-09,Львів,Аксесуари,618,393666
2025-09,Одеса,Аксесуари,515,328055
2025-09,Дніпро,Аксесуари,464,295568
2025-10,Київ,Смартфони,508,7071360
2025-10,Харків,Смартфони,280,3897600
2025-10,Львів,Смартфони,305,4245600
2025-10,Одеса,Смартфони,254,3535680
2025-10,Дніпро,Смартфони,229,3187680
2025-10,Київ,Ноутбуки,218,6836480
2025-10,Харків,Ноутбуки,120,3763200
2025-10,Львів,Ноутбуки,131,4108160
2025-10,Одеса,Ноутбуки,109,3418240
2025-10,Дніпро,Ноутбуки,98,3073280
2025-10,Київ,Телевізори,133,2793000
2025-10,Харків,Телевізори,73,1533000
2025-10,Львів,Телевізори,80,1680000
2025-10,Одеса,Телевізори,67,1407000
2025-10,Дніпро,Телевізори,60,1260000
2025-10,Київ,Побутова техніка,290,3697500
2025-10,Харків,Побутова техніка,160,2040000
2025-10,Львів,Побутова техніка,174,2218500
2025-10,Одеса,Побутова техніка,145,1848750
2025-10,Дніпро,Побутова техніка,131,1670250
2025-10,Київ,Аксесуари,1089,736164
2025-10,Харків,Аксесуари,599,404924
2025-10,Львів,Аксесуари,653,441428
2025-10,Одеса,Аксесуари,545,368420
2025-10,Дніпро,Аксесуари,490,331240
2025-11,Київ,Смартфони,676,9998040
2025-11,Харків,Смартфони,372,5501880
2025-11,Львів,Смартфони,406,6004740
2025-11,Одеса,Смартфони,338,4999020
2025-11,Дніпро,Смартфони,304,4496160
2025-11,Київ,Ноутбуки,290,9651200
2025-11,Харків,Ноутбуки,159,5291520
2025-11,Львів,Ноутбуки,174,5790720
2025-11,Одеса,Ноутбуки,145,4825600
2025-11,Дніпро,Ноутбуки,130,4326400
2025-11,Київ,Телевізори,177,3568320
2025-11,Харків,Телевізори,97,1955520
2025-11,Львів,Телевізори,106,2136960
2025-11,Одеса,Телевізори,89,1794240
2025-11,Дніпро,Телевізори,80,1612800
2025-11,Київ,Побутова техніка,386,4728500
2025-11,Харків,Побутова техніка,212,2597000
2025-11,Львів,Побутова техніка,232,2842000
2025-11,Одеса,Побутова техніка,193,2364250
2025-11,Дніпро,Побутова техніка,174,2131500
2025-11,Київ,Аксесуари,1449,941850
2025-11,Харків,Аксесуари,797,518050
2025-11,Львів,Аксесуари,869,564850
2025-11,Одеса,Аксесуари,724,470600
2025-11,Дніпро,Аксесуари,652,423800
2025-12,Київ,Смартфони,753,10700130
2025-12,Харків,Смартфони,414,5882940
2025-12,Львів,Смартфони,452,6422920
2025-12,Одеса,Смартфони,376,5342960
2025-12,Дніпро,Смартфони,339,4817190
2025-12,Київ,Ноутбуки,323,10336000
2025-12,Харків,Ноутбуки,177,5664000
2025-12,Львів,Ноутбуки,194,6208000
2025-12,Одеса,Ноутбуки,161,5152000
2025-12,Дніпро,Ноутбуки,145,4640000
2025-12,Київ,Телевізори,197,4219740
2025-12,Харків,Телевізори,108,2313360
2025-12,Львів,Телевізори,118,2527560
2025-12,Одеса,Телевізори,99,2120580
2025-12,Дніпро,Телевізори,89,1906380
2025-12,Київ,Побутова техніка,430,5590000
2025-12,Харків,Побутова техніка,237,3081000
2025-12,Львів,Побутова техніка,258,3354000
2025-12,Одеса,Побутова техніка,215,2795000
2025-12,Дніпро,Побутова техніка,194,2522000
2025-12,Київ,Аксесуари,1613,1006512
2025-12,Харків,Аксесуари,887,553488
2025-12,Львів,Аксесуари,968,604032
2025-12,Одеса,Аксесуари,806,502944
2025-12,Дніпро,Аксесуари,726,453024
2025-05,Дніпро,Телевізори,49,1029000
